Date;NOx myg/m3;NO myg/m3;NO2 myg/m3;CO mg/m3;O3 myg/m3;SO2 myg/m3
05-03-2017 00:00;81.74;26.39;41.27;0.36;30.61;1.14
05-03-2017 01:00;65.79;20.99;33.6;0.38;33.11;1.36
05-03-2017 02:00;64.76;20.22;33.76;0.35;38.6;1.38
05-03-2017 03:00;58.56;18.83;29.68;0.33;NULL;1.17
05-03-2017 04:00;46.42;14.38;24.37;0.29;44.26;1.04
05-03-2017 05:00;31.44;9.97;16.16;0.27;48.91;0.93
05-03-2017 06:00;NULL;NULL;NULL;NULL;NULL;NULL
05-03-2017 07:00;23.58;7.06;12.76;0.36;51.15;0.72
05-03-2017 08:00;38.5;13.91;17.17;0.29;49.73;0.9
05-03-2017 09:00;33.07;10.39;17.14;0.28;54.18;0.75
05-03-2017 10:00;51.1;16.46;25.86;0.3;48.16;0.93
05-03-2017 11:00;56.59;20.17;25.67;0.28;45.48;1.14
05-03-2017 12:00;74.49;26.97;33.14;0.35;38.58;1.17
05-03-2017 13:00;81.64;29.25;36.8;0.37;33.55;1.17
05-03-2017 14:00;92.68;34.9;39.17;0.47;27.38;1.06
05-03-2017 15:00;110.03;41.02;47.12;0.51;23.19;1.65
05-03-2017 16:00;119.17;45.54;49.34;0.49;21.29;1.7
05-03-2017 17:00;123.78;47.19;51.43;0.44;19.28;1.86
05-03-2017 18:00;95.13;32.63;45.1;0.44;28.32;1.06
05-03-2017 19:00;64.7;22.04;30.91;0.33;36.4;0.69
05-03-2017 20:00;80.46;28.56;36.66;0.38;31.01;0.96
05-03-2017 21:00;65.66;22.28;31.5;0.35;31.95;0.64
05-03-2017 22:00;40.37;13.13;20.23;0.26;42.87;0.27
05-03-2017 23:00;41.64;13.27;21.29;0.24;45.24;0.29
06-03-2017 00:00;21.71;6.85;11.21;0.23;53.76;0.05
06-03-2017 01:00;9.47;3.03;4.82;0.2;NULL;0
06-03-2017 02:00;10.42;2.93;5.93;0.21;58.75;0.13
06-03-2017 03:00;8.38;2.23;4.95;0.21;57.78;0
06-03-2017 04:00;NULL;NULL;NULL;NULL;NULL;NULL
06-03-2017 05:00;29.82;11.82;11.69;0.22;47.62;0.67
06-03-2017 06:00;104.44;39;44.64;0.28;31.23;1.81
06-03-2017 07:00;221.62;98.14;71.15;0.5;17.7;3.46
06-03-2017 08:00;187.08;76.67;69.52;0.49;21.19;3.11
06-03-2017 09:00;201.27;86.75;68.26;0.43;17.08;3.96
06-03-2017 10:00;181.19;74.36;67.17;0.44;21.73;3.17
06-03-2017 11:00;181.86;80.06;59.1;0.41;21.15;3.41
06-03-2017 12:00;197.35;82.7;70.55;0.57;20.7;3.38
06-03-2017 13:00;159.62;63.34;62.5;0.49;22.85;2.95
06-03-2017 14:00;191.25;76.5;73.96;0.41;22.85;3.41
06-03-2017 15:00;159.54;59.1;68.93;0.47;25.86;2.85
06-03-2017 16:00;149.02;59.41;57.93;0.5;26.04;2.85
06-03-2017 17:00;122.73;47.77;49.48;0.47;30.97;2.21
06-03-2017 18:00;89.64;31.31;41.64;0.44;39.4;1.6
06-03-2017 19:00;67.03;21.34;34.31;0.37;44.4;0.96
06-03-2017 20:00;55.75;18.52;27.35;0.33;51.99;0.85
06-03-2017 21:00;45.42;15.04;22.36;0.3;56.62;0.59
06-03-2017 22:00;37.43;12.06;18.93;0.3;58.23;0.45
06-03-2017 23:00;48.73;15.17;25.47;0.3;55.84;0.69
07-03-2017 00:00;20.06;5.85;11.09;0.3;67.16;0.43
07-03-2017 01:00;12.74;3.32;7.65;0.23;71.47;0.16
07-03-2017 02:00;8.59;2.22;5.18;0.22;NULL;0.16
07-03-2017 03:00;5.03;0.91;3.63;0.22;72.94;0.32
07-03-2017 04:00;7.78;1.38;5.66;0.22;71.98;0.27
07-03-2017 05:00;NULL;NULL;NULL;NULL;NULL;NULL
07-03-2017 06:00;49.06;14.48;26.85;0.24;54.98;0.82
07-03-2017 07:00;99.83;35.52;45.36;0.33;42.11;1.62
07-03-2017 08:00;132.59;54.51;49.02;0.34;38.88;2.26
07-03-2017 09:00;91.25;31.68;42.67;0.27;40.61;1.57
07-03-2017 10:00;85.99;25.33;47.14;0.27;43.85;1.25
07-03-2017 11:00;117.96;44.07;50.39;0.27;37.82;0.85
07-03-2017 12:00;119.68;46.67;48.12;0.33;35.9;3.14
07-03-2017 13:00;149.94;61.74;55.27;0.38;29.54;2.93
07-03-2017 14:00;161.09;68.64;55.84;0.42;32.91;2.74
07-03-2017 15:00;151.83;61.79;57.09;0.47;30.16;2.98
07-03-2017 16:00;140.55;50.58;63;0.42;32.11;2.21
07-03-2017 17:00;134.01;44.25;66.15;0.4;32.29;1.81
07-03-2017 18:00;93.23;29.05;48.69;0.34;40.23;1.28
07-03-2017 19:00;117.35;38.83;57.81;0.35;32.55;1.78
07-03-2017 20:00;90.71;23.81;54.2;0.4;36.4;0.9
07-03-2017 21:00;50.15;12.75;30.6;0.33;57.8;0.32
07-03-2017 22:00;43.07;10.38;27.16;0.3;55.92;0.37
07-03-2017 23:00;44.03;14.17;22.3;0.3;57.2;0.4
08-03-2017 00:00;29.97;7.42;18.59;0.26;60.97;0.13
08-03-2017 01:00;27.25;7.47;15.8;0.27;58.35;0.27
08-03-2017 02:00;15.49;3.6;9.96;0.26;59.81;0.13
08-03-2017 03:00;13.75;2.15;10.46;0.22;NULL;0
08-03-2017 04:00;12.68;2.84;8.32;0.21;67.22;0.05
08-03-2017 05:00;44.06;11.69;26.14;0.24;55.46;0.48
08-03-2017 06:00;NULL;NULL;NULL;NULL;NULL;NULL
08-03-2017 07:00;252.93;102.86;95.2;0.45;12.45;4.42
08-03-2017 08:00;171.25;64.45;72.43;0.41;22.75;2.98
08-03-2017 09:00;201.39;76.07;84.74;0.33;21.39;3.17
08-03-2017 10:00;172.16;79.07;50.93;0.29;22.45;3.01
08-03-2017 11:00;143.53;59.92;51.66;0.29;32.05;2.53
08-03-2017 12:00;124.92;52.36;44.64;0.31;34.33;2.16
08-03-2017 13:00;82.07;35.93;26.97;0.29;47.1;1.73
08-03-2017 14:00;111.73;43.33;45.29;0.33;47.06;2
08-03-2017 15:00;103.47;37.76;45.57;0.35;44.66;1.84
08-03-2017 16:00;70.93;19.79;40.58;0.33;49.21;0.98
08-03-2017 17:00;60.8;15.72;36.7;0.3;46.04;0.64
08-03-2017 18:00;57.45;14.62;35.04;0.29;46.86;0.69
08-03-2017 19:00;79.16;23.1;43.74;0.38;29.9;0.96
08-03-2017 20:00;57.68;16.12;32.97;0.31;23.23;0.75
08-03-2017 21:00;55.5;16.84;29.68;0.3;27;0.75
08-03-2017 22:00;35.59;8.46;22.62;0.24;34.71;0.48
08-03-2017 23:00;48.65;13.06;28.63;0.23;35.7;0.51
09-03-2017 00:00;35.23;7.36;23.94;0.21;40.97;0.29
09-03-2017 01:00;37.45;5.05;29.7;0.23;NULL;0.32
09-03-2017 02:00;25.57;2.72;21.4;0.22;41.05;0.4
09-03-2017 03:00;35.74;4.44;28.94;0.23;32.11;0.27
09-03-2017 04:00;NULL;NULL;NULL;NULL;NULL;NULL
09-03-2017 05:00;54.64;11.46;37.06;0.24;19.32;0.45
09-03-2017 06:00;129.74;49.61;53.68;0.29;16.48;2.21
09-03-2017 07:00;174;66.58;71.91;0.35;8.22;2.74
09-03-2017 08:00;211.81;86.55;79.1;0.4;7;3.33
09-03-2017 09:00;187.12;75.65;71.13;0.34;9.82;3.19
09-03-2017 10:00;138.12;51.65;58.92;0.33;25.92;2.21
09-03-2017 11:00;146.25;61.64;51.73;0.27;27.88;2.31
09-03-2017 12:00;107.14;43.44;40.53;0.26;32.51;1.78
09-03-2017 13:00;135.42;53.83;52.88;0.29;25.11;1.97
09-03-2017 14:00;106.12;36.63;49.95;0.24;22.61;1.36
09-03-2017 15:00;93.14;31.94;44.16;0.33;32.21;1.36
09-03-2017 16:00;94.86;30.48;48.12;0.36;29.48;1.44
09-03-2017 17:00;98.84;31;51.31;0.34;23.07;1.33
09-03-2017 18:00;125.73;44.92;56.86;0.36;20.16;1.97
09-03-2017 19:00;99.62;32.24;50.18;0.3;20.93;1.33
09-03-2017 20:00;142.52;55.74;57.05;0.45;14.85;2.31
09-03-2017 21:00;110.45;38.83;50.91;0.3;10.74;1.38
09-03-2017 22:00;177.86;71.98;67.49;0.7;6.79;2.77
09-03-2017 23:00;85.07;24.73;47.14;0.33;8.68;1.06
10-03-2017 00:00;97.04;26.8;55.94;0.4;4.53;1.3
10-03-2017 01:00;39.95;9.22;25.82;0.3;29.96;0.51
10-03-2017 02:00;NULL;NULL;NULL;NULL;NULL;NULL
10-03-2017 03:00;17.69;5.08;9.91;0.19;59.79;0.27
10-03-2017 04:00;11.49;2.78;7.23;0.17;63.26;0.16
10-03-2017 05:00;NULL;NULL;NULL;NULL;NULL;NULL
10-03-2017 06:00;77.72;28.78;33.6;0.23;50.23;1.38
10-03-2017 07:00;105.65;38.28;46.95;0.29;44.07;1.49
10-03-2017 08:00;136.86;50.09;60.05;0.31;37.82;1.94
10-03-2017 09:00;83.86;31.23;35.97;0.27;50.31;1.2
10-03-2017 10:00;78.89;27.68;36.45;0.24;51.35;1.14
10-03-2017 11:00;95.64;34.5;42.74;0.29;48.85;1.57
10-03-2017 12:00;84.78;29.39;39.72;0.29;55.62;1.46
10-03-2017 13:00;73.34;24.97;35.06;0.28;58.63;1.12
10-03-2017 14:00;94.75;32.98;44.18;0.31;56.54;1.54
10-03-2017 15:00;82.43;27.4;40.41;0.34;55.44;1.2
10-03-2017 16:00;101.99;31.86;53.15;0.36;51.93;1.49
10-03-2017 17:00;64.74;17.95;37.22;0.33;58.65;0.85
10-03-2017 18:00;100.6;30.06;54.51;0.37;40.55;1.36
10-03-2017 19:00;86.92;23.91;50.26;0.37;39.1;0.93
10-03-2017 20:00;120.01;37.19;62.98;0.38;32.23;1.76
10-03-2017 21:00;174.59;57.7;86.12;0.49;22.33;2.5
10-03-2017 22:00;121.67;34.71;68.45;0.45;21.19;1.52
10-03-2017 23:00;187.21;67.14;84.26;0.69;8.4;2.58
11-03-2017 00:00;136.63;49.56;60.65;0.55;21.51;2
11-03-2017 01:00;116.36;37.66;58.62;0.41;21.63;1.52
11-03-2017 02:00;82.77;21.6;49.65;0.5;24.51;0.9
11-03-2017 03:00;81.2;21.05;48.92;0.31;NULL;0.85
11-03-2017 04:00;74.3;17.56;47.37;0.38;26.8;0.93
11-03-2017 05:00;74.64;22.06;40.81;0.35;22.61;0.96
11-03-2017 06:00;NULL;NULL;NULL;NULL;NULL;NULL
11-03-2017 07:00;64.89;21.04;32.63;0.29;24.47;0.9
11-03-2017 08:00;78.53;25.33;39.68;0.4;22.95;0.88
11-03-2017 09:00;80.17;28.26;36.83;0.29;34.98;1.09
11-03-2017 10:00;179.03;72.59;67.72;0.37;21.17;2.69
11-03-2017 11:00;149.02;55.97;63.21;0.4;30.63;3.43
11-03-2017 12:00;127.64;46.3;56.65;0.42;38.5;2.45
11-03-2017 13:00;131.77;56.65;44.91;0.55;39.44;2.61
11-03-2017 14:00;123.3;48.12;49.51;0.48;42.65;2.13
11-03-2017 15:00;103.43;37.66;45.69;0.41;48.2;1.49
11-03-2017 16:00;68.3;22.98;33.07;0.37;53.07;1.14
11-03-2017 17:00;66.34;21.94;32.7;0.35;55.46;0.93
11-03-2017 18:00;88.3;27.08;46.78;0.36;38.72;1.17
11-03-2017 19:00;81.3;23.4;45.42;0.33;38.88;0.85
11-03-2017 20:00;118.36;42;53.97;0.38;23.91;1.54
11-03-2017 21:00;119.88;35.96;64.74;0.48;24.37;1.41
11-03-2017 22:00;98.13;25.79;58.58;0.37;29.3;1.12
11-03-2017 23:00;124.47;37.52;66.94;0.37;14.35;1.57
12-03-2017 00:00;197.48;80.06;74.72;0.55;10.92;3.43
12-03-2017 01:00;227.84;84.43;98.38;0.42;NULL;3.59
12-03-2017 02:00;204.73;79.93;82.18;0.65;4.89;3.09
12-03-2017 03:00;138.39;51.74;59.06;0.42;9.64;2.18
12-03-2017 04:00;NULL;NULL;NULL;NULL;NULL;NULL
12-03-2017 05:00;86.88;24.81;48.85;0.27;22.39;0.72
12-03-2017 06:00;117.16;38.37;58.33;0.23;14.81;1.76
12-03-2017 07:00;78.49;20.68;46.78;0.26;21.73;0.82
12-03-2017 08:00;80.88;23.1;45.46;0.28;22.37;1.09
12-03-2017 09:00;92.99;24.82;54.93;0.37;26.06;1.14
12-03-2017 10:00;76.84;24.8;38.82;0.26;35.44;1.04
12-03-2017 11:00;69.19;22.4;34.85;0.33;39.81;1.06
12-03-2017 12:00;46.99;12.5;27.83;0.28;53.37;0.61
12-03-2017 13:00;57.2;19.73;26.95;0.31;53.09;1.04
12-03-2017 14:00;36.8;9.22;22.66;0.24;59.09;0.32
12-03-2017 15:00;66.06;22.68;31.29;0.31;52.09;0.96
12-03-2017 16:00;49.57;15.15;26.34;0.29;56.88;0.75
12-03-2017 17:00;94.34;30.32;47.85;0.4;42.61;1.3
12-03-2017 18:00;82.28;23.2;46.7;0.47;43.29;0.93
12-03-2017 19:00;94.94;29.44;49.8;0.37;35.06;1.17
12-03-2017 20:00;72.08;19.53;42.13;0.29;47.1;0.64
12-03-2017 21:00;64.16;17.61;37.16;0.35;49.53;0.61
12-03-2017 22:00;64.01;14.73;41.42;0.33;48.72;0.61
12-03-2017 23:00;46.66;9.39;32.26;0.28;53.25;0.4
13-03-2017 00:00;50.09;9.03;36.24;0.26;48.06;0.4
13-03-2017 01:00;31.71;4.02;25.55;0.26;55.78;0.16
13-03-2017 02:00;23.12;1.95;20.14;0.21;NULL;0
13-03-2017 03:00;20.79;2.54;16.89;0.21;59.13;0.08
13-03-2017 04:00;32.72;5;25.05;0.21;49.75;0.21
13-03-2017 05:00;NULL;NULL;NULL;NULL;NULL;NULL
13-03-2017 06:00;245.62;99.97;92.34;0.38;5.91;4.26
13-03-2017 07:00;282.76;118.06;101.75;0.57;6.15;4.98
13-03-2017 08:00;273.09;121.14;87.34;0.61;11.99;4.47
13-03-2017 09:00;126.97;53.43;45.04;0.3;33.91;2.08
13-03-2017 10:00;130.68;50.77;52.84;0.3;36.08;2.13
13-03-2017 11:00;120.03;49.01;44.89;0.3;41.11;2.18
13-03-2017 12:00;74.68;27.17;33.03;0.28;48.22;1.52
13-03-2017 13:00;116.7;44.15;49;0.35;37.4;2.21
13-03-2017 14:00;108.96;44.57;40.62;0.34;37.68;2.18
13-03-2017 15:00;116.38;42.18;51.69;0.38;35.84;2.18
13-03-2017 16:00;148.2;55.19;63.57;0.52;29.38;2.53
13-03-2017 17:00;120.81;39.44;60.34;0.4;33.51;2
13-03-2017 18:00;118.14;39.73;57.22;0.42;33.19;1.94
13-03-2017 19:00;131.66;45.48;61.93;0.43;27.18;2.05
13-03-2017 20:00;77;23.3;41.27;0.33;37.36;1.06
13-03-2017 21:00;57.8;15.68;33.76;0.3;40.89;0.67
13-03-2017 22:00;70.48;17.47;43.68;0.3;29.16;0.85
13-03-2017 23:00;77.27;20.39;46;0.35;23.39;0.9
14-03-2017 00:00;62;11.99;43.62;0.29;19.2;0.64
14-03-2017 01:00;36.38;4.64;29.26;0.3;26.84;0.27
14-03-2017 02:00;55.69;12.96;35.82;0.3;19.78;0.64
14-03-2017 03:00;22.18;2.31;18.65;0.27;NULL;0.24
14-03-2017 04:00;41.42;7.97;29.2;0.24;26.08;0.48
14-03-2017 05:00;44.58;9.53;29.97;0.24;25.39;0.53
14-03-2017 06:00;NULL;NULL;NULL;NULL;NULL;NULL
14-03-2017 07:00;271.86;127.04;77.07;0.49;3.57;5.32
14-03-2017 08:00;229.04;97.01;80.29;0.51;8.28;4.07
14-03-2017 09:00;161.8;65.52;61.33;0.33;21.37;2.71
14-03-2017 10:00;123.38;47.6;50.39;0.34;31.85;2.29
14-03-2017 11:00;127.45;50.34;50.26;0.29;33.03;2.26
14-03-2017 12:00;105.49;39.15;45.46;0.37;37.42;1.76
14-03-2017 13:00;82.24;29.31;37.29;0.24;39.02;1.41
14-03-2017 14:00;140.91;52.42;60.53;0.28;22.79;2.42
14-03-2017 15:00;108.17;40.85;45.54;0.34;31.43;2
14-03-2017 16:00;102.87;36.26;47.28;0.33;29.34;1.76
14-03-2017 17:00;107.48;35.02;53.78;0.37;33.27;1.84
14-03-2017 18:00;72.73;24.53;35.11;0.3;46.2;1.33
14-03-2017 19:00;34.96;10.81;18.38;0.26;51.37;0.72
14-03-2017 20:00;35.67;11.92;17.38;0.23;55.28;0.82
14-03-2017 21:00;32.46;10.3;16.66;0.27;56.86;0.72
14-03-2017 22:00;18.38;4.91;10.84;0.21;62.01;0.64
14-03-2017 23:00;12.09;3.09;7.34;0.2;64.34;0.51
15-03-2017 00:00;12.26;3.68;6.62;0.2;63.84;0.59
15-03-2017 01:00;4.19;1.15;2.43;0.19;NULL;0.61
15-03-2017 02:00;2.58;0.64;1.61;0.19;70.41;0.61
15-03-2017 03:00;3.31;0.82;2.05;0.19;68.55;0.51
15-03-2017 04:00;NULL;NULL;NULL;NULL;NULL;NULL
15-03-2017 05:00;19.64;5.03;11.93;0.2;60.95;0.48
15-03-2017 06:00;64.64;20.54;33.14;0.22;47.58;1.14
15-03-2017 07:00;105.42;46.15;34.65;0.3;38.42;2
15-03-2017 08:00;121.16;48.64;46.57;0.37;38.6;3.09
15-03-2017 09:00;50.99;21.42;18.15;0.21;51.51;1.52
15-03-2017 10:00;44.24;17.66;17.16;0.21;55.32;1.12
15-03-2017 11:00;36.03;16.35;10.96;0.22;55.76;1.12
15-03-2017 12:00;35.8;13.99;14.34;0.22;59.37;0.9
15-03-2017 13:00;36.74;14.83;14;0.22;61.85;0.85
15-03-2017 14:00;57.74;23.9;21.09;0.24;58.77;1.25
15-03-2017 15:00;45.17;17.4;18.49;0.24;59.63;1.04
15-03-2017 16:00;45.84;16.24;20.94;0.27;57.96;0.88
15-03-2017 17:00;46.95;16.24;22.05;0.26;54.74;1.04
15-03-2017 18:00;60.57;22.28;26.41;0.28;49.57;0.93
15-03-2017 19:00;44.29;15.57;20.43;0.27;52.87;0.9
15-03-2017 20:00;27.58;9.06;13.69;0.23;56.14;0.59
15-03-2017 21:00;37.14;14.06;15.59;0.19;58.71;0.59
15-03-2017 22:00;22.72;7.91;10.6;0.2;59.03;0.59
15-03-2017 23:00;17.38;5.15;9.49;0.19;61.19;0.51
16-03-2017 00:00;16.12;4.43;9.33;0.17;59.49;0.4
16-03-2017 01:00;5.78;0.45;5.09;0.16;NULL;0.37
16-03-2017 02:00;6.06;1.17;4.26;0.16;58.69;0.45
16-03-2017 03:00;4.34;0.72;3.23;0.16;60.57;0.4
16-03-2017 04:00;NULL;NULL;NULL;NULL;NULL;NULL
16-03-2017 05:00;28.09;7.41;16.73;0.17;55.28;0.53
16-03-2017 06:00;112.89;42.68;47.45;0.24;30.23;1.84
16-03-2017 07:00;221.18;87.52;86.98;0.4;18.72;3.65
16-03-2017 08:00;176.66;67.39;73.33;0.38;22.47;2.79
16-03-2017 09:00;149.25;64.14;50.91;0.37;26.12;2.58
16-03-2017 10:00;198.35;85.98;66.52;0.31;16.03;3.83
16-03-2017 11:00;174.75;76.97;56.72;0.34;21.33;3.38
16-03-2017 12:00;140.34;58.4;50.8;0.3;27.78;2.31
16-03-2017 13:00;118.12;44.35;50.11;0.3;29.42;2.18
16-03-2017 14:00;150.95;61.6;56.5;0.36;26.06;2.9
16-03-2017 15:00;113.35;39.43;52.9;0.37;32.47;1.84
16-03-2017 16:00;117.87;38.85;58.29;0.38;32.61;1.94
16-03-2017 17:00;112.68;34.77;59.36;0.33;28.78;1.12
16-03-2017 18:00;136.48;42.42;71.43;0.35;19.7;2
16-03-2017 19:00;120.98;38.33;62.21;0.35;28.46;1.84
16-03-2017 20:00;77.78;18.17;49.92;0.28;33.63;1.17
16-03-2017 21:00;44.85;9.78;29.85;0.27;42.75;0.85
16-03-2017 22:00;48.96;12.66;29.55;0.3;40.97;0.69
16-03-2017 23:00;33.03;4.74;25.76;0.22;45.04;0.61
17-03-2017 00:00;27.35;3.68;21.71;0.21;52.45;0.59
17-03-2017 01:00;25.68;4.24;19.18;0.23;48.97;0.72
17-03-2017 02:00;24.44;3.82;18.59;0.24;NULL;0.9
17-03-2017 03:00;14.86;1.43;12.66;0.2;55.58;0.67
17-03-2017 04:00;10.1;1.11;8.4;0.17;58.37;0.61
17-03-2017 05:00;NULL;NULL;NULL;NULL;NULL;NULL
17-03-2017 06:00;35.78;13.65;14.86;0.19;59.11;0.51
17-03-2017 07:00;126.45;48.22;52.52;0.29;41.27;1.81
17-03-2017 08:00;101.94;33.68;50.3;0.28;46.72;1.38
17-03-2017 09:00;96.2;38.39;37.33;0.24;55.14;1.57
17-03-2017 10:00;66.36;26.33;25.99;0.23;65.88;1.25
17-03-2017 11:00;79.94;29.5;34.71;0.26;60.05;1.52
17-03-2017 12:00;67.65;24.46;30.14;0.26;64.98;1.04
17-03-2017 13:00;61.93;21.24;29.36;0.24;68.29;2.66
17-03-2017 14:00;56.95;20.32;25.8;0.26;64.42;1.01
17-03-2017 15:00;85.97;29.01;41.48;0.37;61.59;1.2
17-03-2017 16:00;76.14;25.96;36.34;0.3;72.32;0.93
17-03-2017 17:00;73.92;24.5;36.36;0.3;63.18;1.14
17-03-2017 18:00;86.22;25.25;47.51;0.33;52.17;1.28
17-03-2017 19:00;80.17;25.97;40.35;0.31;47.12;1.06
17-03-2017 20:00;76.77;25.11;38.27;0.3;47.5;1.2
17-03-2017 21:00;61.97;19.21;32.51;0.29;54.78;0.8
17-03-2017 22:00;102.74;38.8;43.24;0.57;37.6;1.76
17-03-2017 23:00;93.75;28.9;49.44;0.43;37.56;1.33
18-03-2017 00:00;55.41;16.56;30.01;0.33;53.94;0.8
18-03-2017 01:00;45.44;13.99;23.98;0.22;56.96;0.93
18-03-2017 02:00;52.82;17.25;26.37;0.21;53.5;0.82
18-03-2017 03:00;40.6;10.78;24.08;0.19;NULL;0.72
18-03-2017 04:00;36.99;10.1;21.5;0.19;58.61;0.64
18-03-2017 05:00;31.44;8.41;18.55;0.19;55.48;0.72
18-03-2017 06:00;NULL;NULL;NULL;NULL;NULL;NULL
18-03-2017 07:00;34;9.12;20.02;0.22;43.67;0.48
18-03-2017 08:00;62;17.46;35.23;0.28;32.87;1.01
18-03-2017 09:00;123.34;46.49;52.06;0.34;19.04;1.84
18-03-2017 10:00;100.87;35.16;46.95;0.35;22.05;1.6
18-03-2017 11:00;97.79;37.37;40.49;0.33;29.2;1.6
18-03-2017 12:00;50.62;16.04;26.03;0.24;64.52;0.69
18-03-2017 13:00;57.81;16.31;32.8;0.24;71.57;0.75
18-03-2017 14:00;55.5;17.35;28.9;0.24;69.13;0.72
18-03-2017 15:00;51.6;14.36;29.59;0.27;67.2;0.59
18-03-2017 16:00;37.6;10.74;21.13;0.24;71.11;0.4
18-03-2017 17:00;45.98;13.07;25.93;0.26;67.97;0.53
18-03-2017 18:00;59.61;13.62;38.73;0.29;57.8;0.48
18-03-2017 19:00;45.98;11.64;28.13;0.27;65;0.53
18-03-2017 20:00;59.54;15.3;36.07;0.28;59.37;0.67
18-03-2017 21:00;80.1;23.27;44.41;0.36;47.98;0.88
18-03-2017 22:00;99.2;33.76;47.43;0.41;44.56;1.12
18-03-2017 23:00;43.68;13.58;22.85;0.26;57.78;0.21
19-03-2017 00:00;47.53;14.26;25.67;0.27;55.48;0.16
19-03-2017 01:00;51.64;15.24;28.27;0.24;NULL;0.4
19-03-2017 02:00;54.58;15.83;30.31;0.28;51.01;0.45
19-03-2017 03:00;50.43;16.08;25.78;0.22;50.41;0.43
19-03-2017 04:00;NULL;NULL;NULL;NULL;NULL;NULL
19-03-2017 05:00;37.33;8.87;23.73;0.34;50.93;0.27
19-03-2017 06:00;52.71;14.91;29.85;0.22;45.08;0.43
19-03-2017 07:00;56.07;17.36;29.45;0.34;41.83;0.45
19-03-2017 08:00;81.66;25.08;43.2;0.35;34.67;0.9
19-03-2017 09:00;84.53;22.34;50.28;0.43;29.08;0.85
19-03-2017 10:00;60.47;20.76;28.65;0.27;48.4;0.82
19-03-2017 11:00;40.16;10.45;24.14;0.24;58.01;0.43
19-03-2017 12:00;61.87;21.53;28.86;0.27;55.98;0.96
19-03-2017 13:00;62.23;20.89;30.2;0.33;58.75;0.72
19-03-2017 14:00;61.79;20.19;30.83;0.28;59.47;0.82
19-03-2017 15:00;71.6;24.07;34.69;0.31;57.4;0.93
19-03-2017 16:00;69.19;20.8;37.29;0.3;53.37;0.93
19-03-2017 17:00;33.89;10.34;18.03;0.28;67.91;0.51
19-03-2017 18:00;63.9;19.73;33.64;0.29;64.62;0.88
19-03-2017 19:00;25.47;6.04;16.22;0.23;73.7;0.29
19-03-2017 20:00;34.46;7.78;22.53;0.26;67.73;0.45
19-03-2017 21:00;33.53;5.19;25.57;0.24;61.29;0.35
19-03-2017 22:00;23.06;4.32;16.45;0.22;65.5;0
19-03-2017 23:00;27.77;5.75;18.95;0.22;60.69;0.48
20-03-2017 00:00;27.12;5.21;19.13;0.21;55.6;0.27
20-03-2017 01:00;25.8;5.48;17.4;0.22;54.82;0.43
20-03-2017 02:00;24.25;2.41;20.56;0.2;NULL;0.24
20-03-2017 03:00;23.24;4.64;16.12;0.21;46.18;0.37
20-03-2017 04:00;15.84;3.27;10.82;0.21;48.04;0.24
20-03-2017 05:00;NULL;NULL;NULL;NULL;NULL;NULL
20-03-2017 06:00;74.4;24.93;36.17;0.24;51.63;1.17
20-03-2017 07:00;205.46;81.37;80.69;0.48;29.34;3.33
20-03-2017 08:00;180.46;68.81;74.95;0.38;34.86;3.06
20-03-2017 09:00;170.84;60.42;78.2;0.35;39.65;2.69
20-03-2017 10:00;118.19;41.1;55.18;0.27;50.99;1.86
20-03-2017 11:00;96.54;35.97;41.39;0.3;55.22;1.54
20-03-2017 12:00;157.78;60.88;64.43;0.3;38.64;2.69
20-03-2017 13:00;119.42;40.45;57.39;0.26;39.3;1.6
20-03-2017 14:00;100.35;41.04;37.43;0.29;52.39;1.68
20-03-2017 15:00;105.99;39.1;46.03;0.36;44.34;1.62
20-03-2017 16:00;83.08;25.81;43.51;0.35;46.66;1.49
20-03-2017 17:00;98.9;31.43;50.7;0.36;31.91;1.6
20-03-2017 18:00;94.65;31.44;46.44;0.34;36.04;1.54
20-03-2017 19:00;59.33;15.9;34.94;0.27;42.31;0.8
20-03-2017 20:00;60.87;17.09;34.67;0.28;43.93;0.93
20-03-2017 21:00;40.62;11.2;23.45;0.23;42.09;0.69
20-03-2017 22:00;43.38;9.79;28.36;0.21;0;0.75
20-03-2017 23:00;26.97;4.15;20.6;0.17;0;0.51
21-03-2017 00:00;12.99;3.11;8.22;0.16;0;0.51
21-03-2017 01:00;NULL;NULL;NULL;NULL;7.48;NULL
21-03-2017 02:00;6.22;1.35;4.15;0.17;56.78;0.27
21-03-2017 03:00;9.56;1.31;7.55;0.19;NULL;0.24
21-03-2017 04:00;11.46;2.18;8.11;0.19;59.79;0.24
21-03-2017 05:00;43.34;8.41;30.45;0.21;44.38;0.37
21-03-2017 06:00;NULL;NULL;NULL;NULL;NULL;NULL
21-03-2017 07:00;257.38;109.86;88.93;0.42;13.57;4.1
21-03-2017 08:00;180.52;75.26;65.12;0.35;24.57;3.03
21-03-2017 09:00;105.47;38.65;46.21;0.28;37.4;1.6
21-03-2017 10:00;100.04;37.36;42.76;0.26;47.78;1.46
21-03-2017 11:00;107.46;40.16;45.88;0.29;45.8;1.68
21-03-2017 12:00;113.87;38.59;54.7;0.28;46.12;1.89
21-03-2017 13:00;95.76;32.53;45.88;0.27;47.86;1.46
21-03-2017 14:00;101.65;37.64;43.93;0.28;52.07;1.46
21-03-2017 15:00;66.9;23.46;30.93;0.3;61.91;0.9
21-03-2017 16:00;44.68;14.73;22.09;0.27;74.38;0.72
21-03-2017 17:00;62.23;18.24;34.27;0.3;66.44;0.69
21-03-2017 18:00;68.37;22.84;33.35;0.3;57.62;0.88
21-03-2017 19:00;42.29;12.44;23.22;0.27;66.8;0.19
21-03-2017 20:00;48.94;13.38;28.42;0.29;60.19;0.43
21-03-2017 21:00;24.79;7.57;13.18;0.27;73.28;0.29
21-03-2017 22:00;21.27;6.36;11.51;0.23;79.27;0.24
21-03-2017 23:00;43.17;9.74;28.23;0.23;63.82;0.4
22-03-2017 00:00;17.04;3.99;10.92;0.21;71.39;0
22-03-2017 01:00;19.53;4.69;12.34;0.22;NULL;0.05
22-03-2017 02:00;10.46;1.8;7.71;0.2;68.07;0
22-03-2017 03:00;12.05;2.18;8.7;0.21;68.19;0
22-03-2017 04:00;NULL;NULL;NULL;NULL;NULL;NULL
22-03-2017 05:00;40.49;9.38;26.11;0.21;51.89;0.37
22-03-2017 06:00;105.28;35.91;50.22;0.26;33.11;1.36
22-03-2017 07:00;170.5;64.02;72.33;0.37;20.8;2.63
22-03-2017 08:00;163.82;63.38;66.65;0.42;25.47;2.39
22-03-2017 09:00;119.34;43.71;52.33;0.3;35.1;1.78
22-03-2017 10:00;92.24;36.3;36.59;0.26;48.3;1.7
22-03-2017 11:00;98.36;40.51;36.24;0.26;42.07;1.86
22-03-2017 12:00;143.27;62.03;48.16;0.29;43.55;2.74
22-03-2017 13:00;105.88;39.45;45.38;0.3;47.18;1.62
22-03-2017 14:00;104.92;39.19;44.83;0.31;49.99;1.44
22-03-2017 15:00;80.34;28.46;36.7;0.31;57.4;1.12
22-03-2017 16:00;84.09;24.82;46.03;0.38;57.7;0.93
22-03-2017 17:00;89.58;29.76;43.95;0.42;51.51;1.14
22-03-2017 18:00;99.7;25.58;60.47;0.36;40.33;1.12
22-03-2017 19:00;97.04;26.58;56.28;0.41;38.92;1.12
22-03-2017 20:00;133.72;41.73;69.73;0.4;25.64;1.41
22-03-2017 21:00;128.52;38.48;69.52;0.5;22.39;1.22
22-03-2017 22:00;123.2;31.57;74.8;0.41;17.56;1.2
22-03-2017 23:00;137.49;38.23;78.87;0.37;10.62;1.57
23-03-2017 00:00;114.54;31.16;66.77;0.35;14.71;1.2
23-03-2017 01:00;118.02;33.75;66.27;0.31;23.19;1.54
23-03-2017 02:00;122.76;31.67;74.2;0.3;NULL;1.01
23-03-2017 03:00;166.06;54.71;82.18;0.36;4.25;1.78
23-03-2017 04:00;120.74;35.45;66.38;0.34;2.14;1.17
23-03-2017 05:00;NULL;NULL;NULL;NULL;NULL;NULL
23-03-2017 06:00;646.96;337.03;130.18;0.64;0;13.2
23-03-2017 07:00;1174.83;623.69;218.52;1.37;0.56;22.19
23-03-2017 08:00;495.99;243.05;123.32;0.76;1.06;8.94
23-03-2017 09:00;210.41;86.61;77.61;0.66;10.42;3.57
23-03-2017 10:00;306.17;135.57;98.3;0.45;7.1;5.59
23-03-2017 11:00;275.27;110.31;106.12;0.43;13.27;5.69
23-03-2017 12:00;258.13;100.57;103.93;0.45;25.58;4.87
23-03-2017 13:00;200.41;78.83;79.54;0.42;31.45;3.78
23-03-2017 14:00;195.06;66.67;92.83;0.43;39.61;3.27
23-03-2017 15:00;214.77;82.47;88.32;0.51;33.29;5.22
23-03-2017 16:00;141.66;47.5;68.83;0.45;39.77;2.39
23-03-2017 17:00;69.21;23.27;33.53;0.34;59.71;1.33
23-03-2017 18:00;127.62;48.48;53.28;0.49;43.51;2.1
23-03-2017 19:00;90.5;25.2;51.87;0.33;43.25;1.09
23-03-2017 20:00;50.22;9.16;36.18;0.28;51.95;0.24
23-03-2017 21:00;89.58;21.52;56.59;0.37;35.08;0.8
23-03-2017 22:00;127.12;37.57;69.52;0.47;24.11;1.33
23-03-2017 23:00;69.71;13.87;48.44;0.31;39.36;0.48
24-03-2017 00:00;73.98;16.29;49;0.28;34.03;0.4
24-03-2017 01:00;49.5;9.11;35.53;0.24;37.94;0.08
24-03-2017 02:00;36.99;5.3;28.86;0.21;45.04;0.05
24-03-2017 03:00;39.93;6.46;30.03;0.2;NULL;0.13
24-03-2017 04:00;47.24;7.9;35.13;0.19;28.58;0.24
24-03-2017 05:00;71.83;17.55;44.92;0.22;22.75;0.8
24-03-2017 06:00;NULL;NULL;NULL;NULL;NULL;NULL
24-03-2017 07:00;314.4;140.2;99.43;0.54;4.81;5.48
24-03-2017 08:00;324.28;143.48;104.29;0.65;6.43;5.45
24-03-2017 09:00;203.41;85.64;72.1;0.36;19.12;3.09
24-03-2017 10:00;89.31;33.13;38.52;0.27;45.04;1.36
24-03-2017 11:00;119.03;46.97;47.01;0.33;43.29;2.34
24-03-2017 12:00;118.73;42.13;54.12;0.31;47.36;2.18
24-03-2017 13:00;93.04;35.32;38.88;0.3;52.01;1.52
24-03-2017 14:00;65.81;22.05;32;0.24;61.97;1.2
24-03-2017 15:00;91.51;33.04;40.85;0.34;61.11;1.41
24-03-2017 16:00;91.65;32.8;41.35;0.37;55.2;1.6
24-03-2017 17:00;98;27.23;56.25;0.41;44.72;1.38
24-03-2017 18:00;91.78;34.14;39.44;0.33;50.57;1.49
24-03-2017 19:00;96.2;28.24;52.9;0.31;41.79;1.22
24-03-2017 20:00;98.02;31.1;50.34;0.35;34.25;1.28
24-03-2017 21:00;74.74;20.11;43.91;0.36;37.22;0.88
24-03-2017 22:00;71.39;22.45;36.97;0.43;36.42;1.01
24-03-2017 23:00;67.36;21.63;34.2;0.28;45.96;0.88
25-03-2017 00:00;45.59;12.57;26.32;0.23;58.57;0.61
25-03-2017 01:00;27.83;8.28;15.13;0.21;NULL;0.21
25-03-2017 02:00;29.78;8.38;16.93;0.17;67.2;0.32
25-03-2017 03:00;17.82;5.36;9.6;0.21;73.42;0.24
25-03-2017 04:00;NULL;NULL;NULL;NULL;NULL;NULL
25-03-2017 05:00;15.45;3.77;9.68;0.19;72.7;0.16
25-03-2017 06:00;16.2;4.39;9.47;0.17;71.81;0
25-03-2017 07:00;16.66;3.97;10.58;0.19;69.57;0.05
25-03-2017 08:00;22.72;5.08;14.94;0.2;67.81;0.21
25-03-2017 09:00;38.17;12.56;18.91;0.22;62.78;0.48
25-03-2017 10:00;35.32;11.23;18.11;0.23;67.35;0.4
25-03-2017 11:00;43.28;12.42;24.23;0.4;65.66;0.51
25-03-2017 12:00;50.85;15.37;27.29;0.26;65.64;0.67
25-03-2017 13:00;54.89;17.49;28.08;0.28;64.74;0.69
25-03-2017 14:00;58.83;19.07;29.59;0.29;64.92;0.9
25-03-2017 15:00;55.52;17.71;28.36;0.33;63.76;0.85
25-03-2017 16:00;51.29;13.57;30.49;0.31;67;0.67
25-03-2017 17:00;65.68;16.21;40.81;0.33;57.84;0.64
25-03-2017 18:00;89.16;25.93;49.4;0.34;50.59;1.17
25-03-2017 19:00;102.36;29.29;57.45;0.38;45.88;1.17
25-03-2017 20:00;81.51;19.03;52.33;0.35;49.47;0.85
25-03-2017 21:00;95.07;23.59;58.91;0.38;33.99;0.96
25-03-2017 22:00;94.76;25.3;55.98;0.38;35.14;1.17
25-03-2017 23:00;101.86;29.57;56.51;0.38;31.17;1.2
26-03-2017 00:00;80.67;23.82;44.14;0.34;37.82;0.9
26-03-2017 01:00;63.55;16.33;38.52;0.29;40.85;0.56
26-03-2017 02:00;57.59;15.55;33.74;0.27;NULL;0.64
26-03-2017 03:00;58.85;15.38;35.27;0.29;28.36;0.61
26-03-2017 04:00;49.99;12.82;30.33;0.22;32.27;0.45
26-03-2017 05:00;NULL;NULL;NULL;NULL;NULL;NULL
26-03-2017 06:00;54.12;15.18;30.85;0.24;28.94;0.56
26-03-2017 07:00;82.64;28.8;38.48;0.29;24.19;1.09
26-03-2017 08:00;138.79;63.57;41.31;0.37;13.47;2.61
26-03-2017 09:00;90.19;32.9;39.74;0.34;24.63;1.14
26-03-2017 10:00;96.93;36.68;40.68;0.38;27;1.46
26-03-2017 11:00;76.98;27.8;34.35;0.4;37.4;1.22
26-03-2017 12:00;63.63;22.05;29.82;0.34;51.77;0.93
26-03-2017 13:00;75.68;27.32;33.79;0.43;39.71;1.22
26-03-2017 14:00;77.19;27.78;34.6;0.34;42.37;1.2
26-03-2017 15:00;66.57;24.55;28.94;0.41;43.05;1.33
26-03-2017 16:00;104.14;37.42;46.76;0.55;34.98;1.52
26-03-2017 17:00;77.86;25.81;38.29;0.35;49.65;1.46
26-03-2017 18:00;72.43;21.72;39.13;0.37;49.17;1.04
26-03-2017 19:00;104.82;35.55;50.32;0.45;37.06;1.81
26-03-2017 20:00;78.66;19.26;49.13;0.37;34.73;0.9
26-03-2017 21:00;57.78;16.65;32.24;0.31;37.24;0.85
26-03-2017 22:00;35.96;7.75;24.08;0.27;44.5;0.43
26-03-2017 23:00;24.46;4.12;18.15;0.23;42.63;0.24
27-03-2017 00:00;18.63;2.18;15.28;0.21;37.36;0.32
27-03-2017 01:00;9.75;0.24;9.39;0.2;41.61;0.21
27-03-2017 02:00;13.77;1.05;12.16;0.17;40.29;0.19
27-03-2017 03:00;14.94;1.41;12.78;0.17;NULL;0.19
27-03-2017 04:00;23.75;5.48;15.36;0.19;34.27;0.13
27-03-2017 05:00;82.56;31.02;35;0.22;25.64;1.22
27-03-2017 06:00;NULL;NULL;NULL;NULL;NULL;NULL
27-03-2017 07:00;182.55;80;59.88;0.65;9.96;3.25
27-03-2017 08:00;217.18;94.06;72.96;0.33;16.86;3.35
27-03-2017 09:00;154.82;63.31;57.74;0.28;25.21;2.02
27-03-2017 10:00;121.44;46.94;49.48;0.31;29.56;2.08
27-03-2017 11:00;130.95;52.59;50.32;0.33;27.4;2.1
27-03-2017 12:00;104.71;43.77;37.6;0.26;33.59;1.52
27-03-2017 13:00;118.88;47.35;46.28;0.29;33.73;1.78
27-03-2017 14:00;104.29;43.03;38.31;0.33;37;1.65
27-03-2017 15:00;73.1;26.38;32.65;0.3;42.53;1.17
27-03-2017 16:00;63.27;23.05;27.92;0.29;43.99;0.98
27-03-2017 17:00;51.06;17.32;24.5;0.28;49.59;0.77
27-03-2017 18:00;73.23;23.66;36.95;0.28;41.03;1.12
27-03-2017 19:00;56.13;16.9;30.22;0.28;41.25;0.69
27-03-2017 20:00;46.45;13.51;25.74;0.24;47.1;0.77
27-03-2017 21:00;43.07;12;24.67;0.22;44.94;0.45
27-03-2017 22:00;38.19;10.7;21.78;0.22;45.28;0.53
27-03-2017 23:00;22.45;4.88;14.97;0.19;49.25;0.21
28-03-2017 00:00;12.16;1.31;10.16;0.16;51.31;0.32
28-03-2017 01:00;8.17;0.74;7.04;0.16;NULL;0.24
28-03-2017 02:00;NULL;NULL;NULL;NULL;44.96;NULL
28-03-2017 03:00;11.25;2.11;8.01;0.16;48.7;0.32
28-03-2017 04:00;NULL;NULL;NULL;NULL;NULL;NULL
28-03-2017 05:00;101.31;38.42;42.4;0.26;27.46;1.41
28-03-2017 06:00;248.13;118.19;66.9;0.47;10.94;4.15
28-03-2017 07:00;244.36;116.75;65.35;0.49;9.54;4.15
28-03-2017 08:00;229.23;99.68;76.39;0.47;12.67;3.86
28-03-2017 09:00;262.91;117.84;82.22;0.42;8.84;4.71
28-03-2017 10:00;302.29;145.05;79.89;0.35;9.58;5.22
28-03-2017 11:00;198.27;85.9;66.55;0.31;14.03;2.98
28-03-2017 12:00;152.41;59.31;61.47;0.29;18.26;2.45
28-03-2017 13:00;155.96;68.64;50.72;0.34;16.56;2.58
28-03-2017 14:00;137.32;55.24;52.61;0.4;16.24;2.47
28-03-2017 15:00;130.43;54.49;46.88;0.7;19.02;2.21
28-03-2017 16:00;136.61;54.02;53.78;0.48;15.25;2.29
28-03-2017 17:00;107.92;43.99;40.47;0.34;18.12;1.73
28-03-2017 18:00;94.44;35.66;39.76;0.35;12.13;1.36
28-03-2017 19:00;87.65;29.97;41.69;0.33;7.94;1.28
28-03-2017 20:00;123.91;44.25;56.06;0.36;1.36;1.78
28-03-2017 21:00;173.9;71.78;63.84;0.4;0;2.87
28-03-2017 22:00;94.96;30.47;48.23;0.38;4.71;1.3
28-03-2017 23:00;74.4;22.14;40.45;0.26;10.84;0.9
29-03-2017 00:00;61.05;17.67;33.95;0.3;1.16;0.85
29-03-2017 01:00;59.02;9.83;43.95;0.29;0.24;0.43
29-03-2017 02:00;57.76;9.43;43.3;0.27;NULL;0.45
29-03-2017 03:00;60.38;12.93;40.55;0.24;0.96;0.59
29-03-2017 04:00;110.62;38.67;51.33;0.27;0;0.29
29-03-2017 05:00;NULL;NULL;NULL;NULL;NULL;NULL
29-03-2017 06:00;186.95;75.52;71.15;0.43;7.08;2.02
29-03-2017 07:00;160.29;62.53;64.41;0.41;19.84;1.36
29-03-2017 08:00;180.83;74.64;66.38;0.42;18.56;1.78
29-03-2017 09:00;186.51;71.47;76.92;0.44;22.75;1.57
29-03-2017 10:00;183.68;76.12;66.96;0.41;23.87;1.92
29-03-2017 11:00;145.43;57.3;57.57;0.33;31.15;0.9
29-03-2017 12:00;134.87;50.57;57.34;0.31;38.64;0.67
29-03-2017 13:00;125.04;42.36;60.09;0.34;40.47;0.61
29-03-2017 14:00;96.87;30.61;49.94;0.35;50.47;0.03
29-03-2017 15:00;110.75;34.96;57.15;0.35;46.74;0
29-03-2017 16:00;107.02;38.09;48.62;0.42;41.39;0.27
29-03-2017 17:00;75.56;20.07;44.79;0.33;51.85;0
29-03-2017 18:00;87.75;23.56;51.62;0.31;45.62;0
29-03-2017 19:00;79.48;20.9;47.43;0.33;44.7;0
29-03-2017 20:00;74.4;20.06;43.64;0.34;43.53;0
29-03-2017 21:00;61.79;13.11;41.69;0.3;41.57;0
29-03-2017 22:00;57.09;14.21;35.3;0.26;43.47;0
29-03-2017 23:00;32.93;7.61;21.27;0.21;51.93;0
30-03-2017 00:00;20.08;2.54;16.18;0.2;55.5;0
30-03-2017 01:00;11.7;1.71;9.08;0.21;62.27;0
30-03-2017 02:00;12.39;1.55;10.02;0.19;60.97;0
30-03-2017 03:00;20.06;3.74;14.32;0.2;NULL;0
30-03-2017 04:00;75.39;21.29;42.74;0.24;37.68;0.21
30-03-2017 05:00;205.82;78.93;84.8;0.38;11.63;2.69
30-03-2017 06:00;NULL;NULL;NULL;NULL;NULL;NULL
30-03-2017 07:00;249.01;111.32;78.32;0.55;12.75;3.25
30-03-2017 08:00;216.5;94.48;71.62;0.4;17.3;3.38
30-03-2017 09:00;131.6;43.36;65.12;0.29;27.44;1.06
30-03-2017 10:00;152.81;63.56;55.35;0.34;23.51;1.84
30-03-2017 11:00;133.49;50.49;56.07;0.31;23.55;1.33
30-03-2017 12:00;114.58;34.85;61.14;0.31;24.99;1.04
30-03-2017 13:00;85.74;29.99;39.76;0.33;30.25;0.43
30-03-2017 14:00;147.99;58.74;57.93;0.43;15.67;1.65
30-03-2017 15:00;139.63;53.87;57.03;0.42;5.99;1.52
30-03-2017 16:00;101.44;33.94;49.4;0.33;17.78;0.77
30-03-2017 17:00;128.85;42.41;63.82;0.42;12.59;1.04
30-03-2017 18:00;134.53;45.4;64.91;0.41;12.11;1.2
30-03-2017 19:00;87.82;26.33;47.45;0.42;29.2;0.4
30-03-2017 20:00;73.1;23.56;36.97;0.3;38.6;0.37
30-03-2017 21:00;47.98;12.93;28.15;0.27;48.3;0
30-03-2017 22:00;24.81;6.55;14.76;0.21;60.97;0
30-03-2017 23:00;25.88;4.53;18.93;0.2;55.16;0
31-03-2017 00:00;22.87;4.42;16.1;0.17;54.88;0
31-03-2017 01:00;23.47;4.25;16.94;0.17;NULL;0
31-03-2017 02:00;38.17;5.71;29.41;0.2;36.52;0
31-03-2017 03:00;67.7;13.02;47.74;0.21;17;0.13
31-03-2017 04:00;NULL;NULL;NULL;NULL;NULL;NULL
31-03-2017 05:00;251.74;111.16;81.3;0.41;0.38;3.99
31-03-2017 06:00;373.78;165.15;120.54;0.54;0.6;5.91
31-03-2017 07:00;365.63;173.66;99.35;0.57;1.26;5.93
31-03-2017 08:00;339.12;151.25;107.21;0.51;2.57;5.51
31-03-2017 09:00;170.77;68.85;65.2;0.34;16.8;2.45
31-03-2017 10:00;210.43;87.17;76.77;0.4;17.54;3.86
31-03-2017 11:00;160.27;68.73;54.89;0.36;20.06;2.34
31-03-2017 12:00;167.46;75.06;52.36;0.41;18.44;2.95
31-03-2017 13:00;120.33;47.26;47.87;0.38;23.13;2.02
31-03-2017 14:00;113.85;40.19;52.23;0.36;24.39;1.68
31-03-2017 15:00;128.29;44.25;60.44;0.42;34.59;2.08
31-03-2017 16:00;108.55;34.95;54.97;0.44;36.92;1.68
31-03-2017 17:00;133.76;45.14;64.55;0.55;33.15;1.76
31-03-2017 18:00;120.18;32.64;70.13;0.42;31.09;1.22
31-03-2017 19:00;152.31;38.97;92.56;0.51;16.6;1.44
31-03-2017 20:00;147.82;44.75;79.2;0.51;18.76;1.73
31-03-2017 21:00;89.64;22.94;54.47;0.37;37.72;0.77
31-03-2017 22:00;73.23;17.08;47.05;0.33;43.13;0.88
31-03-2017 23:00;79.5;19.82;49.11;0.37;36.64;0.85
01-04-2017 00:00;82.07;21.34;49.34;0.36;30.23;0.77
01-04-2017 01:00;128.21;39.86;67.09;0.3;13.87;1.52
01-04-2017 02:00;97.59;28.8;53.44;0.28;NULL;1.33
01-04-2017 03:00;195.06;75.55;79.22;0.31;0.56;2.53
01-04-2017 04:00;177.04;68.29;72.33;0.29;0.38;2.21
01-04-2017 05:00;NULL;NULL;NULL;NULL;NULL;NULL
01-04-2017 06:00;142.33;50;65.66;0.35;6.01;1.62
01-04-2017 07:00;106.07;32.19;56.71;0.3;16.64;0.98
01-04-2017 08:00;111.54;39.43;51.08;0.36;22.09;1.12
01-04-2017 09:00;96.49;32.98;45.92;0.34;37.64;0.9
01-04-2017 10:00;97.88;35.82;42.95;0.37;35.94;1.2
01-04-2017 11:00;64.28;20.93;32.19;0.36;52.91;0.69
01-04-2017 12:00;68.18;19.48;38.31;0.35;67.18;0.67
01-04-2017 13:00;73.54;23.14;38.06;0.38;68.83;0.82
01-04-2017 14:00;53.42;14.86;30.64;0.3;74.16;0.43
01-04-2017 15:00;69.1;22.83;34.1;0.42;72.08;0.82
01-04-2017 16:00;84.84;25.84;45.21;0.38;69.67;1.06
01-04-2017 17:00;164.97;57.58;76.69;0.63;34.55;2.05
01-04-2017 18:00;157.23;44.9;88.38;0.59;27.68;1.62
01-04-2017 19:00;223.15;81.66;97.94;0.71;22.09;2.85
01-04-2017 20:00;191.15;69.84;84.07;0.59;20.8;2.47
01-04-2017 21:00;274.75;100.23;121.06;0.8;8.04;4.04
01-04-2017 22:00;317.26;129.66;118.46;0.66;1.62;4.68
01-04-2017 23:00;318.11;130.17;118.52;0.97;0.26;4.68
02-04-2017 00:00;345.24;155.28;107.16;0.7;0.58;5.38
02-04-2017 01:00;301.87;131.65;100;0.72;0.38;4.98
02-04-2017 02:00;166.48;61.43;72.29;0.59;2.61;2.26
02-04-2017 03:00;107.67;30.08;61.54;0.34;NULL;0.96
02-04-2017 04:00;114.21;32.44;64.47;0.37;2.99;0.9
02-04-2017 05:00;202.04;83.31;74.3;0.42;0;2.71
02-04-2017 06:00;NULL;NULL;NULL;NULL;NULL;NULL
02-04-2017 07:00;65.16;15.05;42.08;0.43;12.35;0.13
02-04-2017 08:00;86.01;25.23;47.32;0.33;16.78;0.59
02-04-2017 09:00;123.55;41.65;59.69;0.51;14.29;1.38
02-04-2017 10:00;212.4;84.11;83.44;0.51;8.16;2.93
02-04-2017 11:00;92.43;37.71;34.62;0.38;27.68;1.09
02-04-2017 12:00;91.28;27.85;48.58;0.4;34.57;0.82
02-04-2017 13:00;81.32;27.38;39.34;0.42;43.53;0.82
02-04-2017 14:00;41.23;12.45;22.15;0.29;77.79;0.24
02-04-2017 15:00;50.59;13.68;29.61;0.3;83.54;0.27
02-04-2017 16:00;50.39;16.05;25.78;0.29;81.5;0
02-04-2017 17:00;45.98;13;26.05;0.28;80.93;0.03
02-04-2017 18:00;37.62;8.06;25.26;0.33;80.23;0
02-04-2017 19:00;48.04;11.94;29.74;0.35;67.04;0.08
02-04-2017 20:00;43.3;10.43;27.31;0.27;61.43;0
02-04-2017 21:00;44.85;12.72;25.34;0.28;56.66;0
02-04-2017 22:00;21.96;5.31;13.81;0.22;58.09;0
02-04-2017 23:00;18.09;3.26;13.1;0.2;54.38;0
03-04-2017 00:00;13.31;2.92;8.84;0.19;63.62;0
03-04-2017 01:00;7.38;1.12;5.66;0.19;NULL;0
03-04-2017 02:00;7.02;0.97;5.53;0.19;75.5;0
03-04-2017 03:00;8.03;1.28;6.06;0.19;79.81;0
03-04-2017 04:00;NULL;NULL;NULL;NULL;NULL;NULL
03-04-2017 05:00;127.64;40.89;64.95;0.29;38.34;1.57
03-04-2017 06:00;142.42;48.25;68.45;0.36;31.83;1.54
03-04-2017 07:00;153.17;52.45;72.75;0.51;31.55;1.41
03-04-2017 08:00;166.71;61.8;71.95;0.3;29.3;2.1
03-04-2017 09:00;141.24;54.38;57.85;0.28;37.46;1.73
03-04-2017 10:00;130.47;51.83;51.01;0.33;41.15;2
03-04-2017 11:00;173.27;72.41;62.25;0.31;31.93;2.18
03-04-2017 12:00;117.1;47;45.04;0.27;45.18;1.49
03-04-2017 13:00;173.87;66.02;72.64;0.44;33.43;2.95
03-04-2017 14:00;185.03;75.56;69.18;0.45;36.32;3.09
03-04-2017 15:00;136.72;49.01;61.58;0.49;41.29;1.97
03-04-2017 16:00;162.75;56.22;76.56;0.54;35.48;2.24
03-04-2017 17:00;110.94;34.71;57.72;0.44;46.76;1.41
03-04-2017 18:00;120.26;36.13;64.85;0.4;42.99;1.41
03-04-2017 19:00;67.61;16.98;41.58;0.3;59.93;0.69
03-04-2017 20:00;61.83;13.57;41.02;0.34;54.56;0.45
03-04-2017 21:00;168.84;55.27;84.09;0.59;19.36;1.94
03-04-2017 22:00;93.66;21.1;61.3;0.37;30.33;0.72
03-04-2017 23:00;169.91;52;90.17;0.42;0.14;1.86
04-04-2017 00:00;81.11;13.98;59.67;0.31;16.07;0.43
04-04-2017 01:00;197.41;72.77;85.83;0.43;0;2.87
04-04-2017 02:00;213.72;81.26;89.12;0.64;NULL;2.74
04-04-2017 03:00;NULL;NULL;NULL;NULL;0.06;NULL
04-04-2017 04:00;251.26;106.42;88.09;0.4;0.08;0
04-04-2017 05:00;NULL;NULL;NULL;NULL;NULL;NULL
04-04-2017 06:00;631.03;323.84;134.49;0.92;0.1;6.76
04-04-2017 07:00;NULL;NULL;NULL;0.51;7.64;0
04-04-2017 08:00;286.84;132.01;84.42;0.38;10.38;0
04-04-2017 09:00;193.24;82.52;66.71;0.28;15.49;0
04-04-2017 10:00;189.95;71.26;80.69;0.36;30.51;0
04-04-2017 11:00;99.79;36.47;43.87;0.27;38.44;0
04-04-2017 12:00;112.42;44.08;44.83;0.28;44.9;0
04-04-2017 13:00;90.31;31.34;42.25;0.29;50.51;0
04-04-2017 14:00;88.45;28.46;44.81;0.31;52.35;0
04-04-2017 15:00;76.17;26.85;35;0.34;71.05;0
04-04-2017 16:00;71.22;25.31;32.42;0.31;72.32;0
04-04-2017 17:00;69.94;21.59;36.83;0.3;63.04;0
04-04-2017 18:00;75.58;24.53;37.96;0.36;49.23;0
04-04-2017 19:00;64.74;16.95;38.75;0.29;50.71;0
04-04-2017 20:00;52.13;10.66;35.78;0.24;40.71;0
04-04-2017 21:00;85.51;19.84;55.08;0.26;26.34;0
04-04-2017 22:00;92.24;22.36;57.95;0.27;38.24;0
04-04-2017 23:00;53.09;9.39;38.69;0.23;49.35;0
05-04-2017 00:00;23.96;3.94;17.92;0.2;66.78;0
05-04-2017 01:00;27.14;4.2;20.69;0.19;NULL;0
05-04-2017 02:00;26.95;5.06;19.18;0.19;53.46;0
05-04-2017 03:00;27.64;4.48;20.77;0.19;48.91;0
05-04-2017 04:00;NULL;NULL;NULL;NULL;NULL;NULL
05-04-2017 05:00;139.59;49.47;63.74;0.28;17.62;1.92
05-04-2017 06:00;261.99;107.84;96.64;0.45;19.28;3.57
05-04-2017 07:00;219.88;83;92.62;0.45;20.4;3.19
05-04-2017 08:00;168.8;68.9;63.15;0.35;26.5;2.55
05-04-2017 09:00;NULL;NULL;NULL;NULL;NULL;NULL
05-04-2017 10:00;NULL;NULL;NULL;NULL;NULL;NULL
05-04-2017 11:00;NULL;NULL;NULL;NULL;NULL;NULL
05-04-2017 12:00;49.17;17.99;21.59;0.21;70.17;0.72
05-04-2017 13:00;63.78;21.38;31;0.26;66.56;0.85
05-04-2017 14:00;78.85;27.23;37.1;0.31;67.83;1.01
05-04-2017 15:00;52.82;18.34;24.71;0.26;77.03;0.69
05-04-2017 16:00;44.37;14.81;21.67;0.28;77.49;0.48
05-04-2017 17:00;47.72;15.78;23.52;0.26;76.28;0.45
05-04-2017 18:00;29.45;9.13;15.45;0.23;81.62;0.29
05-04-2017 19:00;21.46;6.71;11.17;0.2;77.75;0.29
05-04-2017 20:00;22.57;7.38;11.25;0.24;71.98;0.24
05-04-2017 21:00;19.68;5.7;10.94;0.22;74.08;0.05
05-04-2017 22:00;19.18;5;11.51;0.19;75.28;0.13
05-04-2017 23:00;11.86;2.56;7.94;0.17;80.79;0.03
06-04-2017 00:00;11.11;2.43;7.38;0.16;82.32;0.03
06-04-2017 01:00;7.06;0.82;5.79;0.16;NULL;0
06-04-2017 02:00;10.35;1.82;7.55;0.16;80.91;0
06-04-2017 03:00;16.33;3.73;10.61;0.16;76.93;0.08
06-04-2017 04:00;NULL;NULL;NULL;NULL;NULL;NULL
06-04-2017 05:00;114.02;35.37;59.78;0.27;37.52;1.38
06-04-2017 06:00;217.03;75.97;100.54;0.4;11.4;2.87
06-04-2017 07:00;252.41;91.05;112.8;0.49;19.1;3.65
06-04-2017 08:00;151.51;54.48;67.97;0.31;43.63;2.16
06-04-2017 09:00;130.74;48.28;56.71;0.29;48.48;2.02
06-04-2017 10:00;99.72;37.08;42.86;0.3;62.11;1.68
06-04-2017 11:00;87.92;28.55;44.14;0.26;64.22;0.96
06-04-2017 12:00;77.65;25.15;39.09;0.26;71.31;0.96
06-04-2017 13:00;74.3;26.19;34.14;0.26;72.66;0.96
06-04-2017 14:00;77.09;24.51;39.51;0.29;67.53;0.93
06-04-2017 15:00;59.31;18.88;30.35;0.29;66.4;0.72
06-04-2017 16:00;54.7;15.77;30.52;0.3;61.95;0.61
06-04-2017 17:00;53.05;17.25;26.6;0.28;62.43;0.51
06-04-2017 18:00;39.38;11.39;21.92;0.27;63.78;0.32
06-04-2017 19:00;59.31;29.39;14.25;0.27;65.84;1.76
06-04-2017 20:00;58.43;21.92;24.82;0.26;64.6;1.28
06-04-2017 21:00;64.39;20.77;32.55;0.26;62.92;1.17
06-04-2017 22:00;38.88;14.22;17.08;0.19;65.08;0.82
06-04-2017 23:00;91.25;38.69;31.92;0.2;58.73;2
07-04-2017 00:00;123.26;42.57;57.99;0.22;48.28;2.58
07-04-2017 01:00;73.02;26.31;32.68;0.2;49.71;1.09
07-04-2017 02:00;67.95;24.25;30.77;0.17;NULL;1.86
07-04-2017 03:00;115.32;42.08;50.8;0.19;47.74;5.56
;;;;;;
;;;;;;
;;;;;;
;;;;;;
;;;;;;
;;;;;;
;;;;;;
;;;;;;
;;;;;;
;;;;;;
;;;;;;
;;;;;;
;;;;;;
;;;;;;
;;;;;;
;;;;;;
;;;;;;
;;;;;;
;;;;;;
;;;;;;
